AminoAcid	Symbol	Codon	No.	RSCU
*	Ter	UAA	0	0
*	Ter	UAG	0	0
*	Ter	UGA	7	3
A	Ala	GCA	31	0.6667
A	Ala	GCC	77	1.6559
A	Ala	GCG	42	0.9032
A	Ala	GCU	36	0.7742
C	Cys	UGC	39	1.5294
C	Cys	UGU	12	0.4706
D	Asp	GAC	114	1.551
D	Asp	GAU	33	0.449
E	Glu	GAA	11	0.117
E	Glu	GAG	177	1.883
F	Phe	UUC	83	1.2206
F	Phe	UUU	53	0.7794
G	Gly	GGA	16	0.3184
G	Gly	GGC	70	1.393
G	Gly	GGG	103	2.0498
G	Gly	GGU	12	0.2388
H	His	CAC	62	1.7714
H	His	CAU	8	0.2286
I	Ile	AUA	1	0.0256
I	Ile	AUC	98	2.5128
I	Ile	AUU	18	0.4615
K	Lys	AAA	29	0.3841
K	Lys	AAG	122	1.6159
L	Leu	CUA	3	0.0556
L	Leu	CUC	88	1.6296
L	Leu	CUG	192	3.5556
L	Leu	CUU	22	0.4074
L	Leu	UUA	8	0.1481
L	Leu	UUG	11	0.2037
M	Met	AUG	47	1
N	Asn	AAC	32	1.2308
N	Asn	AAU	20	0.7692
P	Pro	CCA	1	0.0252
P	Pro	CCC	122	3.0692
P	Pro	CCG	27	0.6792
P	Pro	CCU	9	0.2264
Q	Gln	CAA	0	0
Q	Gln	CAG	101	2
R	Arg	AGA	20	1.2371
R	Arg	AGG	30	1.8557
R	Arg	CGA	2	0.1237
R	Arg	CGC	3	0.1856
R	Arg	CGG	32	1.9794
R	Arg	CGU	10	0.6186
S	Ser	AGC	74	2.1043
S	Ser	AGU	7	0.1991
S	Ser	UCA	8	0.2275
S	Ser	UCC	77	2.1896
S	Ser	UCG	31	0.8815
S	Ser	UCU	14	0.3981
T	Thr	ACA	10	0.3279
T	Thr	ACC	70	2.2951
T	Thr	ACG	28	0.918
T	Thr	ACU	14	0.459
V	Val	GUA	0	0
V	Val	GUC	72	1.6271
V	Val	GUG	104	2.3503
V	Val	GUU	1	0.0226
W	Trp	UGG	41	1
Y	Tyr	UAC	51	1.9245
Y	Tyr	UAU	2	0.0755
